"TextCode","DisplayName","SortName","About"
"","Jay Watson","Watson, Jay","<p>Jay Watson, a founding advisory editor for DY, is Distinguished Professor of English and Howry Professor of Faulkner Studies at the University of Mississippi, where he has taught since 1989. Author or editor of fifteen books, most recently <em>Fossil Fuel Faulkner: Energy, Modernity and the US South </em>(Oxford, 2022), he was president of the William Faulkner Society from 2009 to 2012.</p>
"
"SMO","Mike Wainwright","Wainwright, Mike","<p>Michael Wainwright holds the position of Honorary Research Associate with the English Department at Royal Holloway, University of London. His monographs include <em>Darwin and Faulkner's Novels: Evolution and Southern Fiction</em> (2008), <em>The Rational Shakespeare: Peter Ramus, Edward de Vere, and the Question of Authorship</em> (2018), and <em>Faulkner's Ethics: An Intense Struggle</em> (2021).</p>
"
"HUW","Mike Wainwright","Wainwright, Mike","<p>Michael Wainwright holds the position of Honorary Research Associate with the English Department at Royal Holloway, University of London. His monographs include <em>Darwin and Faulkner's Novels: Evolution and Southern Fiction</em> (2008), <em>The Rational Shakespeare: Peter Ramus, Edward de Vere, and the Question of Authorship</em> (2018), and <em>Faulkner's Ethics: An Intense Struggle</em> (2021).</p>
"
"KGB","Mike Wainwright","Wainwright, Mike","<p>Michael Wainwright holds the position of Honorary Research Associate with the English Department at Royal Holloway, University of London. His monographs include <em>Darwin and Faulkner's Novels: Evolution and Southern Fiction</em> (2008), <em>The Rational Shakespeare: Peter Ramus, Edward de Vere, and the Question of Authorship</em> (2018), and <em>Faulkner's Ethics: An Intense Struggle</em> (2021).</p>
"
"J","Christopher Rieger","Rieger, Christopher","<p>Christopher Rieger was the Director of the Center for Faulkner Studies and Professor of English at Southeast Missouri State University until 2023. He is the author of <em>Clear-Cutting Eden: Ecology and the Pastoral in Southern Literature</em> and <em>Faulkner's Fashions: Gender, Race, Class, and Clothing</em>, and the co-editor of six essay collections, including <em>Faulkner & Morrison</em>, <em>Faulkner & Hurston</em>, <em>Faulkner & Hemingway</em>, and <em>Faulkner & Garcia Marquez</em>. He currently works for the U.S. Department of State.</p>
"
"EIC","Christopher Rieger","Rieger, Christopher","<p>Christopher Rieger was the Director of the Center for Faulkner Studies and Professor of English at Southeast Missouri State University until 2023. He is the author of <em>Clear-Cutting Eden: Ecology and the Pastoral in Southern Literature</em> and <em>Faulkner's Fashions: Gender, Race, Class, and Clothing</em>, and the co-editor of six essay collections, including <em>Faulkner & Morrison</em>, <em>Faulkner & Hurston</em>, <em>Faulkner & Hemingway</em>, and <em>Faulkner & Garcia Marquez</em>. He currently works for the U.S. Department of State.</p>
"
"T","Lorie Watkins","Watkins, Lorie","<p>Lorie Watkins received her Ph.D. from the University of Southern Mississippi and is Professor of English at William Carey University. She recently edited and contributed to <em>A Literary History of Mississippi</em> and is the author of <em>William Faulkner, Gavin Stevens, and the Cavalier Tradition</em>. She has published various essays on Faulkner and is a former William Faulkner Society Faulkner and Yoknapatawpha Conference student fellow.</p>
"
"ADP","Lorie Watkins","Watkins, Lorie","<p>Lorie Watkins received her Ph.D. from the University of Southern Mississippi and is Professor of English at William Carey University. She recently edited and contributed to <em>A Literary History of Mississippi</em> and is the author of <em>William Faulkner, Gavin Stevens, and the Cavalier Tradition</em>. She has published various essays on Faulkner and is a former William Faulkner Society Faulkner and Yoknapatawpha Conference student fellow.</p>
"
"CB","Lorie Watkins","Watkins, Lorie","<p>Lorie Watkins received her Ph.D. from the University of Southern Mississippi and is Professor of English at William Carey University. She recently edited and contributed to <em>A Literary History of Mississippi</em> and is the author of <em>William Faulkner, Gavin Stevens, and the Cavalier Tradition</em>. She has published various essays on Faulkner and is a former William Faulkner Society Faulkner and Yoknapatawpha Conference student fellow.</p>
"
"TM","Lorie Watkins","Watkins, Lorie","<p>Lorie Watkins received her Ph.D. from the University of Southern Mississippi and is Professor of English at William Carey University. She recently edited and contributed to <em>A Literary History of Mississippi</em> and is the author of <em>William Faulkner, Gavin Stevens, and the Cavalier Tradition</em>. She has published various essays on Faulkner and is a former William Faulkner Society Faulkner and Yoknapatawpha Conference student fellow.</p>
"
"BE","Lorie Watkins","Watkins, Lorie","<p>Lorie Watkins received her Ph.D. from the University of Southern Mississippi and is Professor of English at William Carey University. She recently edited and contributed to <em>A Literary History of Mississippi</em> and is the author of <em>William Faulkner, Gavin Stevens, and the Cavalier Tradition</em>. She has published various essays on Faulkner and is a former William Faulkner Society Faulkner and Yoknapatawpha Conference student fellow.</p>
"
"MNK","Lorie Watkins","Watkins, Lorie","<p>Lorie Watkins received her Ph.D. from the University of Southern Mississippi and is Professor of English at William Carey University. She recently edited and contributed to <em>A Literary History of Mississippi</em> and is the author of <em>William Faulkner, Gavin Stevens, and the Cavalier Tradition</em>. She has published various essays on Faulkner and is a former William Faulkner Society Faulkner and Yoknapatawpha Conference student fellow.</p>
"
"KGB","Lorie Watkins","Watkins, Lorie","<p>Lorie Watkins received her Ph.D. from the University of Southern Mississippi and is Professor of English at William Carey University. She recently edited and contributed to <em>A Literary History of Mississippi</em> and is the author of <em>William Faulkner, Gavin Stevens, and the Cavalier Tradition</em>. She has published various essays on Faulkner and is a former William Faulkner Society Faulkner and Yoknapatawpha Conference student fellow.</p>
"
"SAS","Kristi Humphreys","Humphreys, Kristi","<p>Kristi Rowan Humphreys is Lecturer of English at Baylor University in Waco, Texas, where she teaches American literature, British Literature, and writing courses. Her publications include chapters on William Faulkner in anthologies with the University Press of Mississippi and Southeast Missouri State University Press. Research interests primarily focus on Faulkner's fiction in men's magazines.</p>
"
"SNP","Scott T. Chancellor","Chancellor, Scott T.","<p>Lieutenant Colonel Scott T. Chancellor, speechwriter and analyst for the Chief of Staff of the Army, taught at the United States Military Academy before moving to the Pentagon.  He hosted the 2012 conference ""Faulkner and West Point at 50: The Writer in Public,"" and is editing a volume of papers from it.  He is also working on a manuscript entitled <em>Faulkner's Judaism: Unraveling the Myths of Origins</em>.</p>
"
"RAI","Scott T. Chancellor","Chancellor, Scott T.","<p>Lieutenant Colonel Scott T. Chancellor, speechwriter and analyst for the Chief of Staff of the Army, taught at the United States Military Academy before moving to the Pentagon.  He hosted the 2012 conference ""Faulkner and West Point at 50: The Writer in Public,"" and is editing a volume of papers from it.  He is also working on a manuscript entitled <em>Faulkner's Judaism: Unraveling the Myths of Origins</em>.</p>
"
"TWS","Scott T. Chancellor","Chancellor, Scott T.","<p>Lieutenant Colonel Scott T. Chancellor, speechwriter and analyst for the Chief of Staff of the Army, taught at the United States Military Academy before moving to the Pentagon.  He hosted the 2012 conference ""Faulkner and West Point at 50: The Writer in Public,"" and is editing a volume of papers from it.  He is also working on a manuscript entitled <em>Faulkner's Judaism: Unraveling the Myths of Origins</em>.</p>
"
"LD","John Corrigan","Corrigan, John","<p>John Michael Corrigan is Professor of English at National Chengchi University in Taiwan. His books include <em>Faulkner's Cartographies of Consciousness</em> (Cambridge University Press, Forthcoming 2024). <em>American Metempsychosis: Emerson, Whitman, and the New Poetry</em> (Fordham University Press, 2012), and the edited volume <em>Romantic Legacies: Transnational and Transdisciplinary Contexts</em> (Routledge, 2019).</p>
"
"H","John Corrigan","Corrigan, John","<p>John Michael Corrigan is Professor of English at National Chengchi University in Taiwan. His books include <em>Faulkner's Cartographies of Consciousness</em> (Cambridge University Press, Forthcoming 2024). <em>American Metempsychosis: Emerson, Whitman, and the New Poetry</em> (Fordham University Press, 2012), and the edited volume <em>Romantic Legacies: Transnational and Transdisciplinary Contexts</em> (Routledge, 2019).</p>
"
"M","John Corrigan","Corrigan, John","<p>John Michael Corrigan is Professor of English at National Chengchi University in Taiwan. His books include <em>Faulkner's Cartographies of Consciousness</em> (Cambridge University Press, Forthcoming 2024). <em>American Metempsychosis: Emerson, Whitman, and the New Poetry</em> (Fordham University Press, 2012), and the edited volume <em>Romantic Legacies: Transnational and Transdisciplinary Contexts</em> (Routledge, 2019).</p>
"
"BAR","John Corrigan","Corrigan, John","<p>John Michael Corrigan is Professor of English at National Chengchi University in Taiwan. His books include <em>Faulkner's Cartographies of Consciousness</em> (Cambridge University Press, Forthcoming 2024). <em>American Metempsychosis: Emerson, Whitman, and the New Poetry</em> (Fordham University Press, 2012), and the edited volume <em>Romantic Legacies: Transnational and Transdisciplinary Contexts</em> (Routledge, 2019).</p>
"
"LD","Jennie J. Joiner","Joiner, Jennie J.","<p>Jennie J. Joiner is a Professor of English at Keuka College in upstate New York, where she teaches American literature courses grounded in studies of place and geography. Her publications include articles on William Faulkner in the <em>Faulkner Journal</em>, <em>Mississippi Quarterly</em>, the <em>Flannery O'Connor Review</em>, and <em>Digitizing Faulkner: Yoknapatawpha in the Twenty-First Century</em>, edited by Theresa M. Towner and published by the University of Virginia Press.</p>
"
"UV","Jennie J. Joiner","Joiner, Jennie J.","<p>Jennie J. Joiner is a Professor of English at Keuka College in upstate New York, where she teaches American literature courses grounded in studies of place and geography. Her publications include articles on William Faulkner in the <em>Faulkner Journal</em>, <em>Mississippi Quarterly</em>, the <em>Flannery O'Connor Review</em>, and <em>Digitizing Faulkner: Yoknapatawpha in the Twenty-First Century</em>, edited by Theresa M. Towner and published by the University of Virginia Press.</p>
"
"T","Jennie J. Joiner","Joiner, Jennie J.","<p>Jennie J. Joiner is a Professor of English at Keuka College in upstate New York, where she teaches American literature courses grounded in studies of place and geography. Her publications include articles on William Faulkner in the <em>Faulkner Journal</em>, <em>Mississippi Quarterly</em>, the <em>Flannery O'Connor Review</em>, and <em>Digitizing Faulkner: Yoknapatawpha in the Twenty-First Century</em>, edited by Theresa M. Towner and published by the University of Virginia Press.</p>
"
"MY","Jennie J. Joiner","Joiner, Jennie J.","<p>Jennie J. Joiner is a Professor of English at Keuka College in upstate New York, where she teaches American literature courses grounded in studies of place and geography. Her publications include articles on William Faulkner in the <em>Faulkner Journal</em>, <em>Mississippi Quarterly</em>, the <em>Flannery O'Connor Review</em>, and <em>Digitizing Faulkner: Yoknapatawpha in the Twenty-First Century</em>, edited by Theresa M. Towner and published by the University of Virginia Press.</p>
"
"UNV","Jennie J. Joiner","Joiner, Jennie J.","<p>Jennie J. Joiner is a Professor of English at Keuka College in upstate New York, where she teaches American literature courses grounded in studies of place and geography. Her publications include articles on William Faulkner in the <em>Faulkner Journal</em>, <em>Mississippi Quarterly</em>, the <em>Flannery O'Connor Review</em>, and <em>Digitizing Faulkner: Yoknapatawpha in the Twenty-First Century</em>, edited by Theresa M. Towner and published by the University of Virginia Press.</p>
"
"VEN","Jennie J. Joiner","Joiner, Jennie J.","<p>Jennie J. Joiner is a Professor of English at Keuka College in upstate New York, where she teaches American literature courses grounded in studies of place and geography. Her publications include articles on William Faulkner in the <em>Faulkner Journal</em>, <em>Mississippi Quarterly</em>, the <em>Flannery O'Connor Review</em>, and <em>Digitizing Faulkner: Yoknapatawpha in the Twenty-First Century</em>, edited by Theresa M. Towner and published by the University of Virginia Press.</p>
"
"SMO","Jennie J. Joiner","Joiner, Jennie J.","<p>Jennie J. Joiner is a Professor of English at Keuka College in upstate New York, where she teaches American literature courses grounded in studies of place and geography. Her publications include articles on William Faulkner in the <em>Faulkner Journal</em>, <em>Mississippi Quarterly</em>, the <em>Flannery O'Connor Review</em>, and <em>Digitizing Faulkner: Yoknapatawpha in the Twenty-First Century</em>, edited by Theresa M. Towner and published by the University of Virginia Press.</p>
"
"HUW","Jennie J. Joiner","Joiner, Jennie J.","<p>Jennie J. Joiner is a Professor of English at Keuka College in upstate New York, where she teaches American literature courses grounded in studies of place and geography. Her publications include articles on William Faulkner in the <em>Faulkner Journal</em>, <em>Mississippi Quarterly</em>, the <em>Flannery O'Connor Review</em>, and <em>Digitizing Faulkner: Yoknapatawpha in the Twenty-First Century</em>, edited by Theresa M. Towner and published by the University of Virginia Press.</p>
"
"KGB","Jennie J. Joiner","Joiner, Jennie J.","<p>Jennie J. Joiner is a Professor of English at Keuka College in upstate New York, where she teaches American literature courses grounded in studies of place and geography. Her publications include articles on William Faulkner in the <em>Faulkner Journal</em>, <em>Mississippi Quarterly</em>, the <em>Flannery O'Connor Review</em>, and <em>Digitizing Faulkner: Yoknapatawpha in the Twenty-First Century</em>, edited by Theresa M. Towner and published by the University of Virginia Press.</p>
"
"UV","Dorette Sobolewski","Sobolewski, Dorette","<p>Dorette Sobolewski is a PhD Candidate in American Studies at the University of Glasgow in Scotland. Her thesis research focuses on class, history, and region in the novels of Willa Cather and Ellen Glasgow. Her publications include an article on the Southern race and class constructs in William Faulkner's fiction, published in <em>Bonds and Borders: Identity, Imagination and Transformation</em> (Cambridge Scholars Publishing), and a paper on Faulkner and the Southern plantation mansion published as conference proceedings by the University of Cambridge.</p>
"
"MGM","Dorette Sobolewski","Sobolewski, Dorette","<p>Dorette Sobolewski is a PhD Candidate in American Studies at the University of Glasgow in Scotland. Her thesis research focuses on class, history, and region in the novels of Willa Cather and Ellen Glasgow. Her publications include an article on the Southern race and class constructs in William Faulkner's fiction, published in <em>Bonds and Borders: Identity, Imagination and Transformation</em> (Cambridge Scholars Publishing), and a paper on Faulkner and the Southern plantation mansion published as conference proceedings by the University of Cambridge.</p>
"
"MY","Dorette Sobolewski","Sobolewski, Dorette","<p>Dorette Sobolewski is a PhD Candidate in American Studies at the University of Glasgow in Scotland. Her thesis research focuses on class, history, and region in the novels of Willa Cather and Ellen Glasgow. Her publications include an article on the Southern race and class constructs in William Faulkner's fiction, published in <em>Bonds and Borders: Identity, Imagination and Transformation</em> (Cambridge Scholars Publishing), and a paper on Faulkner and the Southern plantation mansion published as conference proceedings by the University of Cambridge.</p>
"
"TWQ","Dorette Sobolewski","Sobolewski, Dorette","<p>Dorette Sobolewski is a PhD Candidate in American Studies at the University of Glasgow in Scotland. Her thesis research focuses on class, history, and region in the novels of Willa Cather and Ellen Glasgow. Her publications include an article on the Southern race and class constructs in William Faulkner's fiction, published in <em>Bonds and Borders: Identity, Imagination and Transformation</em> (Cambridge Scholars Publishing), and a paper on Faulkner and the Southern plantation mansion published as conference proceedings by the University of Cambridge.</p>
"
"RAI","Dorette Sobolewski","Sobolewski, Dorette","<p>Dorette Sobolewski is a PhD Candidate in American Studies at the University of Glasgow in Scotland. Her thesis research focuses on class, history, and region in the novels of Willa Cather and Ellen Glasgow. Her publications include an article on the Southern race and class constructs in William Faulkner's fiction, published in <em>Bonds and Borders: Identity, Imagination and Transformation</em> (Cambridge Scholars Publishing), and a paper on Faulkner and the Southern plantation mansion published as conference proceedings by the University of Cambridge.</p>
"
"SY","Ben Robbins","Robbins, Ben","<p>Ben Robbins is a senior postdoctoral researcher in the Department of American Studies at the University of Innsbruck (Austria) and project leader of ""Networked Narratives: Queer Exile Literature 1900–69,"" which is funded by the Austrian Science Fund (FWF). He is the author of <em>Faulkner's Hollywood Novels: Women between Page and Screen</em> (University of Virginia Press, 2024). His work on Faulkner has appeared in the <em>Journal of Screenwriting</em>, the <em>Faulkner Journal</em>, and <em>Genre</em><span> and in the edited collections <em>Faulkner and the Black Literatures of the Americas</em> and <em>Digitizing Faulkner</em>. His piece on Faulkner’s short story ""Death Drag"" and DY, which was published in <em>Studies in American Culture</em>, received the Jerome Stern Award for the best article in the journal in 2016.</span></p>
"
"GDM","Ben Robbins","Robbins, Ben","<p>Ben Robbins is a senior postdoctoral researcher in the Department of American Studies at the University of Innsbruck (Austria) and project leader of ""Networked Narratives: Queer Exile Literature 1900–69,"" which is funded by the Austrian Science Fund (FWF). He is the author of <em>Faulkner's Hollywood Novels: Women between Page and Screen</em> (University of Virginia Press, 2024). His work on Faulkner has appeared in the <em>Journal of Screenwriting</em>, the <em>Faulkner Journal</em>, and <em>Genre</em><span> and in the edited collections <em>Faulkner and the Black Literatures of the Americas</em> and <em>Digitizing Faulkner</em>. His piece on Faulkner’s short story ""Death Drag"" and DY, which was published in <em>Studies in American Culture</em>, received the Jerome Stern Award for the best article in the journal in 2016.</span></p>
"
"M","Ben Robbins","Robbins, Ben","<p>Ben Robbins is a senior postdoctoral researcher in the Department of American Studies at the University of Innsbruck (Austria) and project leader of ""Networked Narratives: Queer Exile Literature 1900–69,"" which is funded by the Austrian Science Fund (FWF). He is the author of <em>Faulkner's Hollywood Novels: Women between Page and Screen</em> (University of Virginia Press, 2024). His work on Faulkner has appeared in the <em>Journal of Screenwriting</em>, the <em>Faulkner Journal</em>, and <em>Genre</em><span> and in the edited collections <em>Faulkner and the Black Literatures of the Americas</em> and <em>Digitizing Faulkner</em>. His piece on Faulkner’s short story ""Death Drag"" and DY, which was published in <em>Studies in American Culture</em>, received the Jerome Stern Award for the best article in the journal in 2016.</span></p>
"
"OLD","Ben Robbins","Robbins, Ben","<p>Ben Robbins is a senior postdoctoral researcher in the Department of American Studies at the University of Innsbruck (Austria) and project leader of ""Networked Narratives: Queer Exile Literature 1900–69,"" which is funded by the Austrian Science Fund (FWF). He is the author of <em>Faulkner's Hollywood Novels: Women between Page and Screen</em> (University of Virginia Press, 2024). His work on Faulkner has appeared in the <em>Journal of Screenwriting</em>, the <em>Faulkner Journal</em>, and <em>Genre</em><span> and in the edited collections <em>Faulkner and the Black Literatures of the Americas</em> and <em>Digitizing Faulkner</em>. His piece on Faulkner’s short story ""Death Drag"" and DY, which was published in <em>Studies in American Culture</em>, received the Jerome Stern Award for the best article in the journal in 2016.</span></p>
"
"DD","Ben Robbins","Robbins, Ben","<p>Ben Robbins is a senior postdoctoral researcher in the Department of American Studies at the University of Innsbruck (Austria) and project leader of ""Networked Narratives: Queer Exile Literature 1900–69,"" which is funded by the Austrian Science Fund (FWF). He is the author of <em>Faulkner's Hollywood Novels: Women between Page and Screen</em> (University of Virginia Press, 2024). His work on Faulkner has appeared in the <em>Journal of Screenwriting</em>, the <em>Faulkner Journal</em>, and <em>Genre</em><span> and in the edited collections <em>Faulkner and the Black Literatures of the Americas</em> and <em>Digitizing Faulkner</em>. His piece on Faulkner’s short story ""Death Drag"" and DY, which was published in <em>Studies in American Culture</em>, received the Jerome Stern Award for the best article in the journal in 2016.</span></p>
"
"SF","Sarah Perkins","Perkins, Sarah","<p>Sarah Perkins is a doctoral candidate in English at Stanford University. Currently a Mellon fellow at the Stanford Humanities Center and a former fellow at the Center for Comparative Studies in Race and Ethnicity (CCSRE), she specializes in late nineteenth and early twentieth century American literature. Her dissertation, <em>Dixie Bound: An American Mystery</em>, explores the cultural history of the song, ""I Wish I Was In Dixie.""</p>
"
"TO","Sarah Perkins","Perkins, Sarah","<p>Sarah Perkins is a doctoral candidate in English at Stanford University. Currently a Mellon fellow at the Stanford Humanities Center and a former fellow at the Center for Comparative Studies in Race and Ethnicity (CCSRE), she specializes in late nineteenth and early twentieth century American literature. Her dissertation, <em>Dixie Bound: An American Mystery</em>, explores the cultural history of the song, ""I Wish I Was In Dixie.""</p>
"
"RET","Sarah Perkins","Perkins, Sarah","<p>Sarah Perkins is a doctoral candidate in English at Stanford University. Currently a Mellon fellow at the Stanford Humanities Center and a former fellow at the Center for Comparative Studies in Race and Ethnicity (CCSRE), she specializes in late nineteenth and early twentieth century American literature. Her dissertation, <em>Dixie Bound: An American Mystery</em>, explores the cultural history of the song, ""I Wish I Was In Dixie.""</p>
"
"AMB","Peter Froehlich","Froehlich, Peter","<p>Peter Alan Froehlich is Assistant Professor of English at Pennsylvania State University, Hazleton. His primary research interests include the grotesque, frontier mythology, and masculinity in Faulkner. His interest in Digital Humanities traces back to a previous career as a designer of massively multiplayer online role playing games. His current engagement in the scholarship of teaching and learning with technology includes research on digital storytelling in first-year composition classes.</p>
"
"LD","William Teem","Teem, William","<p>William M. Teem IV received his MA from the University of Virginia and is currently ABD from Georgia State University, writing his dissertation on William Faulkner.  He teaches English for Georgia Northwestern Technical College.  Often speaking at regional and national conferences, he has published a number of journal articles on Southern Literature, particularly on the works of Lee Smith.</p>
"
"AMB","William Teem","Teem, William","<p>William M. Teem IV received his MA from the University of Virginia and is currently ABD from Georgia State University, writing his dissertation on William Faulkner.  He teaches English for Georgia Northwestern Technical College.  Often speaking at regional and national conferences, he has published a number of journal articles on Southern Literature, particularly on the works of Lee Smith.</p>
"
"LA","Chad Jewett","Jewett, Chad","<p>Chad M. Jewett is a doctoral candidate in English at the University of Connecticut. Chad's work focuses on twentieth century African American and Southern literature and has appeared in the <em>Southern Literary Journal</em> and is forthcoming in <em>The African American Review</em>, <em>The Faulkner Journal</em>, and the <em>Mississippi Quarterly</em>.</p>
"
"TO","Chad Jewett","Jewett, Chad","<p>Chad M. Jewett is a doctoral candidate in English at the University of Connecticut. Chad's work focuses on twentieth century African American and Southern literature and has appeared in the <em>Southern Literary Journal</em> and is forthcoming in <em>The African American Review</em>, <em>The Faulkner Journal</em>, and the <em>Mississippi Quarterly</em>.</p>
"
"GOD","Chad Jewett","Jewett, Chad","<p>Chad M. Jewett is a doctoral candidate in English at the University of Connecticut. Chad's work focuses on twentieth century African American and Southern literature and has appeared in the <em>Southern Literary Journal</em> and is forthcoming in <em>The African American Review</em>, <em>The Faulkner Journal</em>, and the <em>Mississippi Quarterly</em>.</p>
"
"SF","Julie Napolin","Napolin, Julie","<p>Julie Beth Napolin is Associate Professor of Digital Humanities at The New School. In 2013-2014 she was an Associate Director of Digital Yoknapatawpha. Her book, <em>The Fact of Resonance: Modernist Acoustics and Narrative Form</em> (Fordham UP 2020), reads the work of Faulkner within the soundscape of global modernism and was shortlisted for the 2021 Memory Studies Association First Book Award. She is the Co-President of the William Faulkner Society and President of the New School chapter of the AAUP. She's published work on Faulkner in <em>Symploke</em>, <em>Fifty Years After Faulkner</em>, <em>Faulkner and the Family</em>, and <em>Faulkner and Slavery</em>. She is the producer of an oral history of Henry Street Settlement in the time of Covid-19, acquired by the NYPL in 2022.</p>
"
"TES","Julie Napolin","Napolin, Julie","<p>Julie Beth Napolin is Associate Professor of Digital Humanities at The New School. In 2013-2014 she was an Associate Director of Digital Yoknapatawpha. Her book, <em>The Fact of Resonance: Modernist Acoustics and Narrative Form</em> (Fordham UP 2020), reads the work of Faulkner within the soundscape of global modernism and was shortlisted for the 2021 Memory Studies Association First Book Award. She is the Co-President of the William Faulkner Society and President of the New School chapter of the AAUP. She's published work on Faulkner in <em>Symploke</em>, <em>Fifty Years After Faulkner</em>, <em>Faulkner and the Family</em>, and <em>Faulkner and Slavery</em>. She is the producer of an oral history of Henry Street Settlement in the time of Covid-19, acquired by the NYPL in 2022.</p>
"
"LA","Cheryl Lester","Lester, Cheryl","<p>Cheryl Lester is Associate Professor Emerita of English and American Studies at the University of Kansas, where she taught American literature and theory courses and held appointments as Graduate Director and Chair of the American Studies Department. She held an NEH fellowship, was a visiting professor in Senegal, Hong Kong, and Beijing, and was the recipient of numerous teaching awards. Her publications include articles on William Faulkner in the <em>Faulkner Journal</em>, <em>Modern Fiction Studies</em>, and <em>Criticism</em> as well as essays in <em>A Companion to William Faulkner</em>, <em>Fifty Years after Faulkner: Faulkner and Yoknapatawpha</em>, <em>Faulkner and His Critics</em>, <em>Critical Insights: Harlem Renaissance</em>, <em>Critical Insights: The Sound and the Fury</em>, <em>Approaches to Teaching As I Lay Dying</em>, <em>Faulkner and Postmodernism: Proceedings of the 26th Annual Yoknapatawpha Conference</em>, <em>Faulkner in Cultural Context: Proceedings of the 22nd Annual Yoknapatawpha Conference</em>, and <em>The Cambridge Companion to William Faulkner</em>.</p>
"
"TES","Cheryl Lester","Lester, Cheryl","<p>Cheryl Lester is Associate Professor Emerita of English and American Studies at the University of Kansas, where she taught American literature and theory courses and held appointments as Graduate Director and Chair of the American Studies Department. She held an NEH fellowship, was a visiting professor in Senegal, Hong Kong, and Beijing, and was the recipient of numerous teaching awards. Her publications include articles on William Faulkner in the <em>Faulkner Journal</em>, <em>Modern Fiction Studies</em>, and <em>Criticism</em> as well as essays in <em>A Companion to William Faulkner</em>, <em>Fifty Years after Faulkner: Faulkner and Yoknapatawpha</em>, <em>Faulkner and His Critics</em>, <em>Critical Insights: Harlem Renaissance</em>, <em>Critical Insights: The Sound and the Fury</em>, <em>Approaches to Teaching As I Lay Dying</em>, <em>Faulkner and Postmodernism: Proceedings of the 26th Annual Yoknapatawpha Conference</em>, <em>Faulkner in Cultural Context: Proceedings of the 22nd Annual Yoknapatawpha Conference</em>, and <em>The Cambridge Companion to William Faulkner</em>.</p>
"
"LA","James B. Carothers","Carothers, James B.","<p>James B. Carothers (1942 – 2024) was Conger Gabel Teaching Professor Emeritus of English at the University of Kansas, where he taught from 1970 to 2016. Author of <em>William Faulkner's Short Stories</em> (1985) and co-author (with Theresa M. Towner) of <em>Reading Faulkner: Collected Stories</em> (2006), he was, with John T. Matthews, founding co-editor of <em>The Faulkner Journal</em>.</p>
"
"H","James B. Carothers","Carothers, James B.","<p>James B. Carothers (1942 – 2024) was Conger Gabel Teaching Professor Emeritus of English at the University of Kansas, where he taught from 1970 to 2016. Author of <em>William Faulkner's Short Stories</em> (1985) and co-author (with Theresa M. Towner) of <em>Reading Faulkner: Collected Stories</em> (2006), he was, with John T. Matthews, founding co-editor of <em>The Faulkner Journal</em>.</p>
"
"RQ","James B. Carothers","Carothers, James B.","<p>James B. Carothers (1942 – 2024) was Conger Gabel Teaching Professor Emeritus of English at the University of Kansas, where he taught from 1970 to 2016. Author of <em>William Faulkner's Short Stories</em> (1985) and co-author (with Theresa M. Towner) of <em>Reading Faulkner: Collected Stories</em> (2006), he was, with John T. Matthews, founding co-editor of <em>The Faulkner Journal</em>.</p>
"
"T","James B. Carothers","Carothers, James B.","<p>James B. Carothers (1942 – 2024) was Conger Gabel Teaching Professor Emeritus of English at the University of Kansas, where he taught from 1970 to 2016. Author of <em>William Faulkner's Short Stories</em> (1985) and co-author (with Theresa M. Towner) of <em>Reading Faulkner: Collected Stories</em> (2006), he was, with John T. Matthews, founding co-editor of <em>The Faulkner Journal</em>.</p>
"
"AD","James B. Carothers","Carothers, James B.","<p>James B. Carothers (1942 – 2024) was Conger Gabel Teaching Professor Emeritus of English at the University of Kansas, where he taught from 1970 to 2016. Author of <em>William Faulkner's Short Stories</em> (1985) and co-author (with Theresa M. Towner) of <em>Reading Faulkner: Collected Stories</em> (2006), he was, with John T. Matthews, founding co-editor of <em>The Faulkner Journal</em>.</p>
"
"SL","James B. Carothers","Carothers, James B.","<p>James B. Carothers (1942 – 2024) was Conger Gabel Teaching Professor Emeritus of English at the University of Kansas, where he taught from 1970 to 2016. Author of <em>William Faulkner's Short Stories</em> (1985) and co-author (with Theresa M. Towner) of <em>Reading Faulkner: Collected Stories</em> (2006), he was, with John T. Matthews, founding co-editor of <em>The Faulkner Journal</em>.</p>
"
"FAH","James B. Carothers","Carothers, James B.","<p>James B. Carothers (1942 – 2024) was Conger Gabel Teaching Professor Emeritus of English at the University of Kansas, where he taught from 1970 to 2016. Author of <em>William Faulkner's Short Stories</em> (1985) and co-author (with Theresa M. Towner) of <em>Reading Faulkner: Collected Stories</em> (2006), he was, with John T. Matthews, founding co-editor of <em>The Faulkner Journal</em>.</p>
"
"TWB","James B. Carothers","Carothers, James B.","<p>James B. Carothers (1942 – 2024) was Conger Gabel Teaching Professor Emeritus of English at the University of Kansas, where he taught from 1970 to 2016. Author of <em>William Faulkner's Short Stories</em> (1985) and co-author (with Theresa M. Towner) of <em>Reading Faulkner: Collected Stories</em> (2006), he was, with John T. Matthews, founding co-editor of <em>The Faulkner Journal</em>.</p>
"
"LIO","James B. Carothers","Carothers, James B.","<p>James B. Carothers (1942 – 2024) was Conger Gabel Teaching Professor Emeritus of English at the University of Kansas, where he taught from 1970 to 2016. Author of <em>William Faulkner's Short Stories</em> (1985) and co-author (with Theresa M. Towner) of <em>Reading Faulkner: Collected Stories</em> (2006), he was, with John T. Matthews, founding co-editor of <em>The Faulkner Journal</em>.</p>
"
"NC","James B. Carothers","Carothers, James B.","<p>James B. Carothers (1942 – 2024) was Conger Gabel Teaching Professor Emeritus of English at the University of Kansas, where he taught from 1970 to 2016. Author of <em>William Faulkner's Short Stories</em> (1985) and co-author (with Theresa M. Towner) of <em>Reading Faulkner: Collected Stories</em> (2006), he was, with John T. Matthews, founding co-editor of <em>The Faulkner Journal</em>.</p>
"
"SY","Theresa M. Towner","Towner, Theresa M.","<p>Theresa M. Towner is Ashbel Smith Professor of Literary Studies at the University of Texas at Dallas and the Co-Director of Digital Yoknapatawpha. Her books on Faulkner include <em>Faulkner on the Color Line: The Later Novels</em>, <em>Reading Faulkner: Collected Stories</em> (with James B. Carothers), and <em>The Cambridge Introduction to William Faulkner</em>. She has also edited the Library of America volume of Faulkner's short stories as well as <em>Digitizing Faulkner: Yoknapatawpha in the Twenty-First Century</em>, a collection of essays by collaborating editors of DY.</p>
"
"LA","Theresa M. Towner","Towner, Theresa M.","<p>Theresa M. Towner is Ashbel Smith Professor of Literary Studies at the University of Texas at Dallas and the Co-Director of Digital Yoknapatawpha. Her books on Faulkner include <em>Faulkner on the Color Line: The Later Novels</em>, <em>Reading Faulkner: Collected Stories</em> (with James B. Carothers), and <em>The Cambridge Introduction to William Faulkner</em>. She has also edited the Library of America volume of Faulkner's short stories as well as <em>Digitizing Faulkner: Yoknapatawpha in the Twenty-First Century</em>, a collection of essays by collaborating editors of DY.</p>
"
"AA","Theresa M. Towner","Towner, Theresa M.","<p>Theresa M. Towner is Ashbel Smith Professor of Literary Studies at the University of Texas at Dallas and the Co-Director of Digital Yoknapatawpha. Her books on Faulkner include <em>Faulkner on the Color Line: The Later Novels</em>, <em>Reading Faulkner: Collected Stories</em> (with James B. Carothers), and <em>The Cambridge Introduction to William Faulkner</em>. She has also edited the Library of America volume of Faulkner's short stories as well as <em>Digitizing Faulkner: Yoknapatawpha in the Twenty-First Century</em>, a collection of essays by collaborating editors of DY.</p>
"
"GDM","Theresa M. Towner","Towner, Theresa M.","<p>Theresa M. Towner is Ashbel Smith Professor of Literary Studies at the University of Texas at Dallas and the Co-Director of Digital Yoknapatawpha. Her books on Faulkner include <em>Faulkner on the Color Line: The Later Novels</em>, <em>Reading Faulkner: Collected Stories</em> (with James B. Carothers), and <em>The Cambridge Introduction to William Faulkner</em>. She has also edited the Library of America volume of Faulkner's short stories as well as <em>Digitizing Faulkner: Yoknapatawpha in the Twenty-First Century</em>, a collection of essays by collaborating editors of DY.</p>
"
"T","Theresa M. Towner","Towner, Theresa M.","<p>Theresa M. Towner is Ashbel Smith Professor of Literary Studies at the University of Texas at Dallas and the Co-Director of Digital Yoknapatawpha. Her books on Faulkner include <em>Faulkner on the Color Line: The Later Novels</em>, <em>Reading Faulkner: Collected Stories</em> (with James B. Carothers), and <em>The Cambridge Introduction to William Faulkner</em>. She has also edited the Library of America volume of Faulkner's short stories as well as <em>Digitizing Faulkner: Yoknapatawpha in the Twenty-First Century</em>, a collection of essays by collaborating editors of DY.</p>
"
"ADP","Theresa M. Towner","Towner, Theresa M.","<p>Theresa M. Towner is Ashbel Smith Professor of Literary Studies at the University of Texas at Dallas and the Co-Director of Digital Yoknapatawpha. Her books on Faulkner include <em>Faulkner on the Color Line: The Later Novels</em>, <em>Reading Faulkner: Collected Stories</em> (with James B. Carothers), and <em>The Cambridge Introduction to William Faulkner</em>. She has also edited the Library of America volume of Faulkner's short stories as well as <em>Digitizing Faulkner: Yoknapatawpha in the Twenty-First Century</em>, a collection of essays by collaborating editors of DY.</p>
"
"CB","Theresa M. Towner","Towner, Theresa M.","<p>Theresa M. Towner is Ashbel Smith Professor of Literary Studies at the University of Texas at Dallas and the Co-Director of Digital Yoknapatawpha. Her books on Faulkner include <em>Faulkner on the Color Line: The Later Novels</em>, <em>Reading Faulkner: Collected Stories</em> (with James B. Carothers), and <em>The Cambridge Introduction to William Faulkner</em>. She has also edited the Library of America volume of Faulkner's short stories as well as <em>Digitizing Faulkner: Yoknapatawpha in the Twenty-First Century</em>, a collection of essays by collaborating editors of DY.</p>
"
"SL","Theresa M. Towner","Towner, Theresa M.","<p>Theresa M. Towner is Ashbel Smith Professor of Literary Studies at the University of Texas at Dallas and the Co-Director of Digital Yoknapatawpha. Her books on Faulkner include <em>Faulkner on the Color Line: The Later Novels</em>, <em>Reading Faulkner: Collected Stories</em> (with James B. Carothers), and <em>The Cambridge Introduction to William Faulkner</em>. She has also edited the Library of America volume of Faulkner's short stories as well as <em>Digitizing Faulkner: Yoknapatawpha in the Twenty-First Century</em>, a collection of essays by collaborating editors of DY.</p>
"
"BE","Theresa M. Towner","Towner, Theresa M.","<p>Theresa M. Towner is Ashbel Smith Professor of Literary Studies at the University of Texas at Dallas and the Co-Director of Digital Yoknapatawpha. Her books on Faulkner include <em>Faulkner on the Color Line: The Later Novels</em>, <em>Reading Faulkner: Collected Stories</em> (with James B. Carothers), and <em>The Cambridge Introduction to William Faulkner</em>. She has also edited the Library of America volume of Faulkner's short stories as well as <em>Digitizing Faulkner: Yoknapatawpha in the Twenty-First Century</em>, a collection of essays by collaborating editors of DY.</p>
"
"POL","Theresa M. Towner","Towner, Theresa M.","<p>Theresa M. Towner is Ashbel Smith Professor of Literary Studies at the University of Texas at Dallas and the Co-Director of Digital Yoknapatawpha. Her books on Faulkner include <em>Faulkner on the Color Line: The Later Novels</em>, <em>Reading Faulkner: Collected Stories</em> (with James B. Carothers), and <em>The Cambridge Introduction to William Faulkner</em>. She has also edited the Library of America volume of Faulkner's short stories as well as <em>Digitizing Faulkner: Yoknapatawpha in the Twenty-First Century</em>, a collection of essays by collaborating editors of DY.</p>
"
"GOL","Theresa M. Towner","Towner, Theresa M.","<p>Theresa M. Towner is Ashbel Smith Professor of Literary Studies at the University of Texas at Dallas and the Co-Director of Digital Yoknapatawpha. Her books on Faulkner include <em>Faulkner on the Color Line: The Later Novels</em>, <em>Reading Faulkner: Collected Stories</em> (with James B. Carothers), and <em>The Cambridge Introduction to William Faulkner</em>. She has also edited the Library of America volume of Faulkner's short stories as well as <em>Digitizing Faulkner: Yoknapatawpha in the Twenty-First Century</em>, a collection of essays by collaborating editors of DY.</p>
"
"DD","Theresa M. Towner","Towner, Theresa M.","<p>Theresa M. Towner is Ashbel Smith Professor of Literary Studies at the University of Texas at Dallas and the Co-Director of Digital Yoknapatawpha. Her books on Faulkner include <em>Faulkner on the Color Line: The Later Novels</em>, <em>Reading Faulkner: Collected Stories</em> (with James B. Carothers), and <em>The Cambridge Introduction to William Faulkner</em>. She has also edited the Library of America volume of Faulkner's short stories as well as <em>Digitizing Faulkner: Yoknapatawpha in the Twenty-First Century</em>, a collection of essays by collaborating editors of DY.</p>
"
"UW","Theresa M. Towner","Towner, Theresa M.","<p>Theresa M. Towner is Ashbel Smith Professor of Literary Studies at the University of Texas at Dallas and the Co-Director of Digital Yoknapatawpha. Her books on Faulkner include <em>Faulkner on the Color Line: The Later Novels</em>, <em>Reading Faulkner: Collected Stories</em> (with James B. Carothers), and <em>The Cambridge Introduction to William Faulkner</em>. She has also edited the Library of America volume of Faulkner's short stories as well as <em>Digitizing Faulkner: Yoknapatawpha in the Twenty-First Century</em>, a collection of essays by collaborating editors of DY.</p>
"
"TWB","Theresa M. Towner","Towner, Theresa M.","<p>Theresa M. Towner is Ashbel Smith Professor of Literary Studies at the University of Texas at Dallas and the Co-Director of Digital Yoknapatawpha. Her books on Faulkner include <em>Faulkner on the Color Line: The Later Novels</em>, <em>Reading Faulkner: Collected Stories</em> (with James B. Carothers), and <em>The Cambridge Introduction to William Faulkner</em>. She has also edited the Library of America volume of Faulkner's short stories as well as <em>Digitizing Faulkner: Yoknapatawpha in the Twenty-First Century</em>, a collection of essays by collaborating editors of DY.</p>
"
"CRT","Theresa M. Towner","Towner, Theresa M.","<p>Theresa M. Towner is Ashbel Smith Professor of Literary Studies at the University of Texas at Dallas and the Co-Director of Digital Yoknapatawpha. Her books on Faulkner include <em>Faulkner on the Color Line: The Later Novels</em>, <em>Reading Faulkner: Collected Stories</em> (with James B. Carothers), and <em>The Cambridge Introduction to William Faulkner</em>. She has also edited the Library of America volume of Faulkner's short stories as well as <em>Digitizing Faulkner: Yoknapatawpha in the Twenty-First Century</em>, a collection of essays by collaborating editors of DY.</p>
"
"LD","Erin Kay Penner","Penner, Erin Kay","<p>Erin Penner is Associate Professor of English at Asbury University. She is the author of <em>Character and Mourning: Woolf, Faulkner, and the Novel Elegy of the First World War</em> and has written on Faulkner for <em>Studies in the Novel</em>, <em>African-American Review</em>, <em>Mississippi Quarterly</em>, and <em>Digitizing Faulkner: Yoknapatawpha in the Twenty-First Century</em>, edited by Theresa M. Towner and published by the University of Virginia Press.</p>
"
"GDM","Erin Kay Penner","Penner, Erin Kay","<p>Erin Penner is Associate Professor of English at Asbury University. She is the author of <em>Character and Mourning: Woolf, Faulkner, and the Novel Elegy of the First World War</em> and has written on Faulkner for <em>Studies in the Novel</em>, <em>African-American Review</em>, <em>Mississippi Quarterly</em>, and <em>Digitizing Faulkner: Yoknapatawpha in the Twenty-First Century</em>, edited by Theresa M. Towner and published by the University of Virginia Press.</p>
"
"ID","Erin Kay Penner","Penner, Erin Kay","<p>Erin Penner is Associate Professor of English at Asbury University. She is the author of <em>Character and Mourning: Woolf, Faulkner, and the Novel Elegy of the First World War</em> and has written on Faulkner for <em>Studies in the Novel</em>, <em>African-American Review</em>, <em>Mississippi Quarterly</em>, and <em>Digitizing Faulkner: Yoknapatawpha in the Twenty-First Century</em>, edited by Theresa M. Towner and published by the University of Virginia Press.</p>
"
"AC","Erin Kay Penner","Penner, Erin Kay","<p>Erin Penner is Associate Professor of English at Asbury University. She is the author of <em>Character and Mourning: Woolf, Faulkner, and the Novel Elegy of the First World War</em> and has written on Faulkner for <em>Studies in the Novel</em>, <em>African-American Review</em>, <em>Mississippi Quarterly</em>, and <em>Digitizing Faulkner: Yoknapatawpha in the Twenty-First Century</em>, edited by Theresa M. Towner and published by the University of Virginia Press.</p>
"
"PAN","Erin Kay Penner","Penner, Erin Kay","<p>Erin Penner is Associate Professor of English at Asbury University. She is the author of <em>Character and Mourning: Woolf, Faulkner, and the Novel Elegy of the First World War</em> and has written on Faulkner for <em>Studies in the Novel</em>, <em>African-American Review</em>, <em>Mississippi Quarterly</em>, and <em>Digitizing Faulkner: Yoknapatawpha in the Twenty-First Century</em>, edited by Theresa M. Towner and published by the University of Virginia Press.</p>
"
"ELY","Erin Kay Penner","Penner, Erin Kay","<p>Erin Penner is Associate Professor of English at Asbury University. She is the author of <em>Character and Mourning: Woolf, Faulkner, and the Novel Elegy of the First World War</em> and has written on Faulkner for <em>Studies in the Novel</em>, <em>African-American Review</em>, <em>Mississippi Quarterly</em>, and <em>Digitizing Faulkner: Yoknapatawpha in the Twenty-First Century</em>, edited by Theresa M. Towner and published by the University of Virginia Press.</p>
"
"SF","Ren Denton","Denton, Ren","<p>Ren Denton holds a Ph.D. in Literary and Cultural Studies and an M.F.A. in Creative Writing and is an Associate Professor of English at East Georgia State College, where she teaches American and African American Literature. Her publications include articles on Faulkner in <em>Critical Insights: The Sound and the Fury</em> edited by Taylor Hagood, <em>Faulkner Conference Series: Faulkner and Hurston</em> edited by Christopher Rieger and Andrew B. Leiter, and <em>Digitizing Faulkner: Yoknapatawpha in the Twenty-First Century</em> edited by Theresa M. Towner. She has also presented her teaching experience with Digital Yoknapatawpha at the Faulkner and Yoknapatawpha Conference. She has created and co-created with Victoria Bryan several Digital Yoknapatawpha worksheets for the classroom.</p>
"
"R","Ren Denton","Denton, Ren","<p>Ren Denton holds a Ph.D. in Literary and Cultural Studies and an M.F.A. in Creative Writing and is an Associate Professor of English at East Georgia State College, where she teaches American and African American Literature. Her publications include articles on Faulkner in <em>Critical Insights: The Sound and the Fury</em> edited by Taylor Hagood, <em>Faulkner Conference Series: Faulkner and Hurston</em> edited by Christopher Rieger and Andrew B. Leiter, and <em>Digitizing Faulkner: Yoknapatawpha in the Twenty-First Century</em> edited by Theresa M. Towner. She has also presented her teaching experience with Digital Yoknapatawpha at the Faulkner and Yoknapatawpha Conference. She has created and co-created with Victoria Bryan several Digital Yoknapatawpha worksheets for the classroom.</p>
"
"W","Ren Denton","Denton, Ren","<p>Ren Denton holds a Ph.D. in Literary and Cultural Studies and an M.F.A. in Creative Writing and is an Associate Professor of English at East Georgia State College, where she teaches American and African American Literature. Her publications include articles on Faulkner in <em>Critical Insights: The Sound and the Fury</em> edited by Taylor Hagood, <em>Faulkner Conference Series: Faulkner and Hurston</em> edited by Christopher Rieger and Andrew B. Leiter, and <em>Digitizing Faulkner: Yoknapatawpha in the Twenty-First Century</em> edited by Theresa M. Towner. She has also presented her teaching experience with Digital Yoknapatawpha at the Faulkner and Yoknapatawpha Conference. She has created and co-created with Victoria Bryan several Digital Yoknapatawpha worksheets for the classroom.</p>
"
"DEL","Ren Denton","Denton, Ren","<p>Ren Denton holds a Ph.D. in Literary and Cultural Studies and an M.F.A. in Creative Writing and is an Associate Professor of English at East Georgia State College, where she teaches American and African American Literature. Her publications include articles on Faulkner in <em>Critical Insights: The Sound and the Fury</em> edited by Taylor Hagood, <em>Faulkner Conference Series: Faulkner and Hurston</em> edited by Christopher Rieger and Andrew B. Leiter, and <em>Digitizing Faulkner: Yoknapatawpha in the Twenty-First Century</em> edited by Theresa M. Towner. She has also presented her teaching experience with Digital Yoknapatawpha at the Faulkner and Yoknapatawpha Conference. She has created and co-created with Victoria Bryan several Digital Yoknapatawpha worksheets for the classroom.</p>
"
"SF","Robert Coleman","Coleman, Robert","<p>Robert Coleman is Assistant Dean of the College of Arts & Sciences at the University of South Alabama and the editor of <em>Studies in American Culture</em>.</p>
"
"GDM","Robert Coleman","Coleman, Robert","<p>Robert Coleman is Assistant Dean of the College of Arts & Sciences at the University of South Alabama and the editor of <em>Studies in American Culture</em>.</p>
"
"DS","Robert Coleman","Coleman, Robert","<p>Robert Coleman is Assistant Dean of the College of Arts & Sciences at the University of South Alabama and the editor of <em>Studies in American Culture</em>.</p>
"
"OLD","Robert Coleman","Coleman, Robert","<p>Robert Coleman is Assistant Dean of the College of Arts & Sciences at the University of South Alabama and the editor of <em>Studies in American Culture</em>.</p>
"
"W","Robert Coleman","Coleman, Robert","<p>Robert Coleman is Assistant Dean of the College of Arts & Sciences at the University of South Alabama and the editor of <em>Studies in American Culture</em>.</p>
"
"EIC","Robert Coleman","Coleman, Robert","<p>Robert Coleman is Assistant Dean of the College of Arts & Sciences at the University of South Alabama and the editor of <em>Studies in American Culture</em>.</p>
"
"RAM","Robert Coleman","Coleman, Robert","<p>Robert Coleman is Assistant Dean of the College of Arts & Sciences at the University of South Alabama and the editor of <em>Studies in American Culture</em>.</p>
"
"LA","Elizabeth Cornell","Cornell, Elizabeth","<p>Elizabeth Cornell is the Senior Writer for Internal Communications at New York Public Radio. Her publications include articles on Faulkner and the digital humanities in <em>South Central Review</em> and <em>Mississippi Quarterly.</em></p>
"
"RE","Elizabeth Cornell","Cornell, Elizabeth","<p>Elizabeth Cornell is the Senior Writer for Internal Communications at New York Public Radio. Her publications include articles on Faulkner and the digital humanities in <em>South Central Review</em> and <em>Mississippi Quarterly.</em></p>
"
"RL","Elizabeth Cornell","Cornell, Elizabeth","<p>Elizabeth Cornell is the Senior Writer for Internal Communications at New York Public Radio. Her publications include articles on Faulkner and the digital humanities in <em>South Central Review</em> and <em>Mississippi Quarterly.</em></p>
"
"HR","Elizabeth Cornell","Cornell, Elizabeth","<p>Elizabeth Cornell is the Senior Writer for Internal Communications at New York Public Radio. Her publications include articles on Faulkner and the digital humanities in <em>South Central Review</em> and <em>Mississippi Quarterly.</em></p>
"
"FD","Stephen Railton","Railton, Stephen","<p>Stephen Railton, Emeritus Professor of English at the University of Virginia, is the creator of Digital Yoknapatawpha, and directed the project from 2011-2023. Since the mid-1990s most of his time has been spent in virtual reality, exploring how electronic technology can help scholars, teachers and students appreciate the story of American literature and culture in new ways. Among the other major online resources, he has created are Mark Twain in His Times, Uncle Tom's Cabin & American Culture, and Faulkner at Virginia. In addition to the Yoknapatawpha fictions he has helped edit, he is the author of most of the ancillary materials and exhibits in DY – Manuscripts Etc., Audio Clips, Genealogies and so on.</p>
"
"SY","Stephen Railton","Railton, Stephen","<p>Stephen Railton, Emeritus Professor of English at the University of Virginia, is the creator of Digital Yoknapatawpha, and directed the project from 2011-2023. Since the mid-1990s most of his time has been spent in virtual reality, exploring how electronic technology can help scholars, teachers and students appreciate the story of American literature and culture in new ways. Among the other major online resources, he has created are Mark Twain in His Times, Uncle Tom's Cabin & American Culture, and Faulkner at Virginia. In addition to the Yoknapatawpha fictions he has helped edit, he is the author of most of the ancillary materials and exhibits in DY – Manuscripts Etc., Audio Clips, Genealogies and so on.</p>
"
"AA","Stephen Railton","Railton, Stephen","<p>Stephen Railton, Emeritus Professor of English at the University of Virginia, is the creator of Digital Yoknapatawpha, and directed the project from 2011-2023. Since the mid-1990s most of his time has been spent in virtual reality, exploring how electronic technology can help scholars, teachers and students appreciate the story of American literature and culture in new ways. Among the other major online resources, he has created are Mark Twain in His Times, Uncle Tom's Cabin & American Culture, and Faulkner at Virginia. In addition to the Yoknapatawpha fictions he has helped edit, he is the author of most of the ancillary materials and exhibits in DY – Manuscripts Etc., Audio Clips, Genealogies and so on.</p>
"
"ID","Stephen Railton","Railton, Stephen","<p>Stephen Railton, Emeritus Professor of English at the University of Virginia, is the creator of Digital Yoknapatawpha, and directed the project from 2011-2023. Since the mid-1990s most of his time has been spent in virtual reality, exploring how electronic technology can help scholars, teachers and students appreciate the story of American literature and culture in new ways. Among the other major online resources, he has created are Mark Twain in His Times, Uncle Tom's Cabin & American Culture, and Faulkner at Virginia. In addition to the Yoknapatawpha fictions he has helped edit, he is the author of most of the ancillary materials and exhibits in DY – Manuscripts Etc., Audio Clips, Genealogies and so on.</p>
"
"RQ","Stephen Railton","Railton, Stephen","<p>Stephen Railton, Emeritus Professor of English at the University of Virginia, is the creator of Digital Yoknapatawpha, and directed the project from 2011-2023. Since the mid-1990s most of his time has been spent in virtual reality, exploring how electronic technology can help scholars, teachers and students appreciate the story of American literature and culture in new ways. Among the other major online resources, he has created are Mark Twain in His Times, Uncle Tom's Cabin & American Culture, and Faulkner at Virginia. In addition to the Yoknapatawpha fictions he has helped edit, he is the author of most of the ancillary materials and exhibits in DY – Manuscripts Etc., Audio Clips, Genealogies and so on.</p>
"
"R","Stephen Railton","Railton, Stephen","<p>Stephen Railton, Emeritus Professor of English at the University of Virginia, is the creator of Digital Yoknapatawpha, and directed the project from 2011-2023. Since the mid-1990s most of his time has been spent in virtual reality, exploring how electronic technology can help scholars, teachers and students appreciate the story of American literature and culture in new ways. Among the other major online resources, he has created are Mark Twain in His Times, Uncle Tom's Cabin & American Culture, and Faulkner at Virginia. In addition to the Yoknapatawpha fictions he has helped edit, he is the author of most of the ancillary materials and exhibits in DY – Manuscripts Etc., Audio Clips, Genealogies and so on.</p>
"
"AD","Stephen Railton","Railton, Stephen","<p>Stephen Railton, Emeritus Professor of English at the University of Virginia, is the creator of Digital Yoknapatawpha, and directed the project from 2011-2023. Since the mid-1990s most of his time has been spent in virtual reality, exploring how electronic technology can help scholars, teachers and students appreciate the story of American literature and culture in new ways. Among the other major online resources, he has created are Mark Twain in His Times, Uncle Tom's Cabin & American Culture, and Faulkner at Virginia. In addition to the Yoknapatawpha fictions he has helped edit, he is the author of most of the ancillary materials and exhibits in DY – Manuscripts Etc., Audio Clips, Genealogies and so on.</p>
"
"AC","Stephen Railton","Railton, Stephen","<p>Stephen Railton, Emeritus Professor of English at the University of Virginia, is the creator of Digital Yoknapatawpha, and directed the project from 2011-2023. Since the mid-1990s most of his time has been spent in virtual reality, exploring how electronic technology can help scholars, teachers and students appreciate the story of American literature and culture in new ways. Among the other major online resources, he has created are Mark Twain in His Times, Uncle Tom's Cabin & American Culture, and Faulkner at Virginia. In addition to the Yoknapatawpha fictions he has helped edit, he is the author of most of the ancillary materials and exhibits in DY – Manuscripts Etc., Audio Clips, Genealogies and so on.</p>
"
"J","Stephen Railton","Railton, Stephen","<p>Stephen Railton, Emeritus Professor of English at the University of Virginia, is the creator of Digital Yoknapatawpha, and directed the project from 2011-2023. Since the mid-1990s most of his time has been spent in virtual reality, exploring how electronic technology can help scholars, teachers and students appreciate the story of American literature and culture in new ways. Among the other major online resources, he has created are Mark Twain in His Times, Uncle Tom's Cabin & American Culture, and Faulkner at Virginia. In addition to the Yoknapatawpha fictions he has helped edit, he is the author of most of the ancillary materials and exhibits in DY – Manuscripts Etc., Audio Clips, Genealogies and so on.</p>
"
"LJC","Stephen Railton","Railton, Stephen","<p>Stephen Railton, Emeritus Professor of English at the University of Virginia, is the creator of Digital Yoknapatawpha, and directed the project from 2011-2023. Since the mid-1990s most of his time has been spent in virtual reality, exploring how electronic technology can help scholars, teachers and students appreciate the story of American literature and culture in new ways. Among the other major online resources, he has created are Mark Twain in His Times, Uncle Tom's Cabin & American Culture, and Faulkner at Virginia. In addition to the Yoknapatawpha fictions he has helped edit, he is the author of most of the ancillary materials and exhibits in DY – Manuscripts Etc., Audio Clips, Genealogies and so on.</p>
"
"MGM","Stephen Railton","Railton, Stephen","<p>Stephen Railton, Emeritus Professor of English at the University of Virginia, is the creator of Digital Yoknapatawpha, and directed the project from 2011-2023. Since the mid-1990s most of his time has been spent in virtual reality, exploring how electronic technology can help scholars, teachers and students appreciate the story of American literature and culture in new ways. Among the other major online resources, he has created are Mark Twain in His Times, Uncle Tom's Cabin & American Culture, and Faulkner at Virginia. In addition to the Yoknapatawpha fictions he has helped edit, he is the author of most of the ancillary materials and exhibits in DY – Manuscripts Etc., Audio Clips, Genealogies and so on.</p>
"
"SH","Stephen Railton","Railton, Stephen","<p>Stephen Railton, Emeritus Professor of English at the University of Virginia, is the creator of Digital Yoknapatawpha, and directed the project from 2011-2023. Since the mid-1990s most of his time has been spent in virtual reality, exploring how electronic technology can help scholars, teachers and students appreciate the story of American literature and culture in new ways. Among the other major online resources, he has created are Mark Twain in His Times, Uncle Tom's Cabin & American Culture, and Faulkner at Virginia. In addition to the Yoknapatawpha fictions he has helped edit, he is the author of most of the ancillary materials and exhibits in DY – Manuscripts Etc., Audio Clips, Genealogies and so on.</p>
"
"SNP","Stephen Railton","Railton, Stephen","<p>Stephen Railton, Emeritus Professor of English at the University of Virginia, is the creator of Digital Yoknapatawpha, and directed the project from 2011-2023. Since the mid-1990s most of his time has been spent in virtual reality, exploring how electronic technology can help scholars, teachers and students appreciate the story of American literature and culture in new ways. Among the other major online resources, he has created are Mark Twain in His Times, Uncle Tom's Cabin & American Culture, and Faulkner at Virginia. In addition to the Yoknapatawpha fictions he has helped edit, he is the author of most of the ancillary materials and exhibits in DY – Manuscripts Etc., Audio Clips, Genealogies and so on.</p>
"
"TM","Stephen Railton","Railton, Stephen","<p>Stephen Railton, Emeritus Professor of English at the University of Virginia, is the creator of Digital Yoknapatawpha, and directed the project from 2011-2023. Since the mid-1990s most of his time has been spent in virtual reality, exploring how electronic technology can help scholars, teachers and students appreciate the story of American literature and culture in new ways. Among the other major online resources, he has created are Mark Twain in His Times, Uncle Tom's Cabin & American Culture, and Faulkner at Virginia. In addition to the Yoknapatawpha fictions he has helped edit, he is the author of most of the ancillary materials and exhibits in DY – Manuscripts Etc., Audio Clips, Genealogies and so on.</p>
"
"TWQ","Stephen Railton","Railton, Stephen","<p>Stephen Railton, Emeritus Professor of English at the University of Virginia, is the creator of Digital Yoknapatawpha, and directed the project from 2011-2023. Since the mid-1990s most of his time has been spent in virtual reality, exploring how electronic technology can help scholars, teachers and students appreciate the story of American literature and culture in new ways. Among the other major online resources, he has created are Mark Twain in His Times, Uncle Tom's Cabin & American Culture, and Faulkner at Virginia. In addition to the Yoknapatawpha fictions he has helped edit, he is the author of most of the ancillary materials and exhibits in DY – Manuscripts Etc., Audio Clips, Genealogies and so on.</p>
"
"TH","Stephen Railton","Railton, Stephen","<p>Stephen Railton, Emeritus Professor of English at the University of Virginia, is the creator of Digital Yoknapatawpha, and directed the project from 2011-2023. Since the mid-1990s most of his time has been spent in virtual reality, exploring how electronic technology can help scholars, teachers and students appreciate the story of American literature and culture in new ways. Among the other major online resources, he has created are Mark Twain in His Times, Uncle Tom's Cabin & American Culture, and Faulkner at Virginia. In addition to the Yoknapatawpha fictions he has helped edit, he is the author of most of the ancillary materials and exhibits in DY – Manuscripts Etc., Audio Clips, Genealogies and so on.</p>
"
"FAH","Stephen Railton","Railton, Stephen","<p>Stephen Railton, Emeritus Professor of English at the University of Virginia, is the creator of Digital Yoknapatawpha, and directed the project from 2011-2023. Since the mid-1990s most of his time has been spent in virtual reality, exploring how electronic technology can help scholars, teachers and students appreciate the story of American literature and culture in new ways. Among the other major online resources, he has created are Mark Twain in His Times, Uncle Tom's Cabin & American Culture, and Faulkner at Virginia. In addition to the Yoknapatawpha fictions he has helped edit, he is the author of most of the ancillary materials and exhibits in DY – Manuscripts Etc., Audio Clips, Genealogies and so on.</p>
"
"BP","Stephen Railton","Railton, Stephen","<p>Stephen Railton, Emeritus Professor of English at the University of Virginia, is the creator of Digital Yoknapatawpha, and directed the project from 2011-2023. Since the mid-1990s most of his time has been spent in virtual reality, exploring how electronic technology can help scholars, teachers and students appreciate the story of American literature and culture in new ways. Among the other major online resources, he has created are Mark Twain in His Times, Uncle Tom's Cabin & American Culture, and Faulkner at Virginia. In addition to the Yoknapatawpha fictions he has helped edit, he is the author of most of the ancillary materials and exhibits in DY – Manuscripts Etc., Audio Clips, Genealogies and so on.</p>
"
"HR","Stephen Railton","Railton, Stephen","<p>Stephen Railton, Emeritus Professor of English at the University of Virginia, is the creator of Digital Yoknapatawpha, and directed the project from 2011-2023. Since the mid-1990s most of his time has been spent in virtual reality, exploring how electronic technology can help scholars, teachers and students appreciate the story of American literature and culture in new ways. Among the other major online resources, he has created are Mark Twain in His Times, Uncle Tom's Cabin & American Culture, and Faulkner at Virginia. In addition to the Yoknapatawpha fictions he has helped edit, he is the author of most of the ancillary materials and exhibits in DY – Manuscripts Etc., Audio Clips, Genealogies and so on.</p>
"
"SAS","Stephen Railton","Railton, Stephen","<p>Stephen Railton, Emeritus Professor of English at the University of Virginia, is the creator of Digital Yoknapatawpha, and directed the project from 2011-2023. Since the mid-1990s most of his time has been spent in virtual reality, exploring how electronic technology can help scholars, teachers and students appreciate the story of American literature and culture in new ways. Among the other major online resources, he has created are Mark Twain in His Times, Uncle Tom's Cabin & American Culture, and Faulkner at Virginia. In addition to the Yoknapatawpha fictions he has helped edit, he is the author of most of the ancillary materials and exhibits in DY – Manuscripts Etc., Audio Clips, Genealogies and so on.</p>
"
"POL","Stephen Railton","Railton, Stephen","<p>Stephen Railton, Emeritus Professor of English at the University of Virginia, is the creator of Digital Yoknapatawpha, and directed the project from 2011-2023. Since the mid-1990s most of his time has been spent in virtual reality, exploring how electronic technology can help scholars, teachers and students appreciate the story of American literature and culture in new ways. Among the other major online resources, he has created are Mark Twain in His Times, Uncle Tom's Cabin & American Culture, and Faulkner at Virginia. In addition to the Yoknapatawpha fictions he has helped edit, he is the author of most of the ancillary materials and exhibits in DY – Manuscripts Etc., Audio Clips, Genealogies and so on.</p>
"
"GOL","Stephen Railton","Railton, Stephen","<p>Stephen Railton, Emeritus Professor of English at the University of Virginia, is the creator of Digital Yoknapatawpha, and directed the project from 2011-2023. Since the mid-1990s most of his time has been spent in virtual reality, exploring how electronic technology can help scholars, teachers and students appreciate the story of American literature and culture in new ways. Among the other major online resources, he has created are Mark Twain in His Times, Uncle Tom's Cabin & American Culture, and Faulkner at Virginia. In addition to the Yoknapatawpha fictions he has helped edit, he is the author of most of the ancillary materials and exhibits in DY – Manuscripts Etc., Audio Clips, Genealogies and so on.</p>
"
"DEL","Stephen Railton","Railton, Stephen","<p>Stephen Railton, Emeritus Professor of English at the University of Virginia, is the creator of Digital Yoknapatawpha, and directed the project from 2011-2023. Since the mid-1990s most of his time has been spent in virtual reality, exploring how electronic technology can help scholars, teachers and students appreciate the story of American literature and culture in new ways. Among the other major online resources, he has created are Mark Twain in His Times, Uncle Tom's Cabin & American Culture, and Faulkner at Virginia. In addition to the Yoknapatawpha fictions he has helped edit, he is the author of most of the ancillary materials and exhibits in DY – Manuscripts Etc., Audio Clips, Genealogies and so on.</p>
"
"TWS","Stephen Railton","Railton, Stephen","<p>Stephen Railton, Emeritus Professor of English at the University of Virginia, is the creator of Digital Yoknapatawpha, and directed the project from 2011-2023. Since the mid-1990s most of his time has been spent in virtual reality, exploring how electronic technology can help scholars, teachers and students appreciate the story of American literature and culture in new ways. Among the other major online resources, he has created are Mark Twain in His Times, Uncle Tom's Cabin & American Culture, and Faulkner at Virginia. In addition to the Yoknapatawpha fictions he has helped edit, he is the author of most of the ancillary materials and exhibits in DY – Manuscripts Etc., Audio Clips, Genealogies and so on.</p>
"
"UW","Stephen Railton","Railton, Stephen","<p>Stephen Railton, Emeritus Professor of English at the University of Virginia, is the creator of Digital Yoknapatawpha, and directed the project from 2011-2023. Since the mid-1990s most of his time has been spent in virtual reality, exploring how electronic technology can help scholars, teachers and students appreciate the story of American literature and culture in new ways. Among the other major online resources, he has created are Mark Twain in His Times, Uncle Tom's Cabin & American Culture, and Faulkner at Virginia. In addition to the Yoknapatawpha fictions he has helped edit, he is the author of most of the ancillary materials and exhibits in DY – Manuscripts Etc., Audio Clips, Genealogies and so on.</p>
"
"MZG","Stephen Railton","Railton, Stephen","<p>Stephen Railton, Emeritus Professor of English at the University of Virginia, is the creator of Digital Yoknapatawpha, and directed the project from 2011-2023. Since the mid-1990s most of his time has been spent in virtual reality, exploring how electronic technology can help scholars, teachers and students appreciate the story of American literature and culture in new ways. Among the other major online resources, he has created are Mark Twain in His Times, Uncle Tom's Cabin & American Culture, and Faulkner at Virginia. In addition to the Yoknapatawpha fictions he has helped edit, he is the author of most of the ancillary materials and exhibits in DY – Manuscripts Etc., Audio Clips, Genealogies and so on.</p>
"
"ABH","Stephen Railton","Railton, Stephen","<p>Stephen Railton, Emeritus Professor of English at the University of Virginia, is the creator of Digital Yoknapatawpha, and directed the project from 2011-2023. Since the mid-1990s most of his time has been spent in virtual reality, exploring how electronic technology can help scholars, teachers and students appreciate the story of American literature and culture in new ways. Among the other major online resources, he has created are Mark Twain in His Times, Uncle Tom's Cabin & American Culture, and Faulkner at Virginia. In addition to the Yoknapatawpha fictions he has helped edit, he is the author of most of the ancillary materials and exhibits in DY – Manuscripts Etc., Audio Clips, Genealogies and so on.</p>
"
"ELY","Stephen Railton","Railton, Stephen","<p>Stephen Railton, Emeritus Professor of English at the University of Virginia, is the creator of Digital Yoknapatawpha, and directed the project from 2011-2023. Since the mid-1990s most of his time has been spent in virtual reality, exploring how electronic technology can help scholars, teachers and students appreciate the story of American literature and culture in new ways. Among the other major online resources, he has created are Mark Twain in His Times, Uncle Tom's Cabin & American Culture, and Faulkner at Virginia. In addition to the Yoknapatawpha fictions he has helped edit, he is the author of most of the ancillary materials and exhibits in DY – Manuscripts Etc., Audio Clips, Genealogies and so on.</p>
"
"LIO","Stephen Railton","Railton, Stephen","<p>Stephen Railton, Emeritus Professor of English at the University of Virginia, is the creator of Digital Yoknapatawpha, and directed the project from 2011-2023. Since the mid-1990s most of his time has been spent in virtual reality, exploring how electronic technology can help scholars, teachers and students appreciate the story of American literature and culture in new ways. Among the other major online resources, he has created are Mark Twain in His Times, Uncle Tom's Cabin & American Culture, and Faulkner at Virginia. In addition to the Yoknapatawpha fictions he has helped edit, he is the author of most of the ancillary materials and exhibits in DY – Manuscripts Etc., Audio Clips, Genealogies and so on.</p>
"
"MNK","Stephen Railton","Railton, Stephen","<p>Stephen Railton, Emeritus Professor of English at the University of Virginia, is the creator of Digital Yoknapatawpha, and directed the project from 2011-2023. Since the mid-1990s most of his time has been spent in virtual reality, exploring how electronic technology can help scholars, teachers and students appreciate the story of American literature and culture in new ways. Among the other major online resources, he has created are Mark Twain in His Times, Uncle Tom's Cabin & American Culture, and Faulkner at Virginia. In addition to the Yoknapatawpha fictions he has helped edit, he is the author of most of the ancillary materials and exhibits in DY – Manuscripts Etc., Audio Clips, Genealogies and so on.</p>
"
"CRT","Stephen Railton","Railton, Stephen","<p>Stephen Railton, Emeritus Professor of English at the University of Virginia, is the creator of Digital Yoknapatawpha, and directed the project from 2011-2023. Since the mid-1990s most of his time has been spent in virtual reality, exploring how electronic technology can help scholars, teachers and students appreciate the story of American literature and culture in new ways. Among the other major online resources, he has created are Mark Twain in His Times, Uncle Tom's Cabin & American Culture, and Faulkner at Virginia. In addition to the Yoknapatawpha fictions he has helped edit, he is the author of most of the ancillary materials and exhibits in DY – Manuscripts Etc., Audio Clips, Genealogies and so on.</p>
"
"RAM","Stephen Railton","Railton, Stephen","<p>Stephen Railton, Emeritus Professor of English at the University of Virginia, is the creator of Digital Yoknapatawpha, and directed the project from 2011-2023. Since the mid-1990s most of his time has been spent in virtual reality, exploring how electronic technology can help scholars, teachers and students appreciate the story of American literature and culture in new ways. Among the other major online resources, he has created are Mark Twain in His Times, Uncle Tom's Cabin & American Culture, and Faulkner at Virginia. In addition to the Yoknapatawpha fictions he has helped edit, he is the author of most of the ancillary materials and exhibits in DY – Manuscripts Etc., Audio Clips, Genealogies and so on.</p>
"
"NC","Stephen Railton","Railton, Stephen","<p>Stephen Railton, Emeritus Professor of English at the University of Virginia, is the creator of Digital Yoknapatawpha, and directed the project from 2011-2023. Since the mid-1990s most of his time has been spent in virtual reality, exploring how electronic technology can help scholars, teachers and students appreciate the story of American literature and culture in new ways. Among the other major online resources, he has created are Mark Twain in His Times, Uncle Tom's Cabin & American Culture, and Faulkner at Virginia. In addition to the Yoknapatawpha fictions he has helped edit, he is the author of most of the ancillary materials and exhibits in DY – Manuscripts Etc., Audio Clips, Genealogies and so on.</p>
"
"R","Steven Knepper","Knepper, Steven","<p>Steven Knepper is an Associate Professor in the Department of English, Rhetoric, and Humanistic Studies at Virginia Military Institute. He is the associate editor of the <em>Robert Frost Review</em> and the author of <em>Wonder Strikes: Approaching Aesthetics and Literature with William Desmond</em> (SUNY, 2022). He has published essays, poems, and book reviews in a number of journals. As a graduate student at the University of Virginia, he was part of the main production team for <em>Faulkner at Virginia: An Audio Archive</em>.</p>
"
"BB","Steven Knepper","Knepper, Steven","<p>Steven Knepper is an Associate Professor in the Department of English, Rhetoric, and Humanistic Studies at Virginia Military Institute. He is the associate editor of the <em>Robert Frost Review</em> and the author of <em>Wonder Strikes: Approaching Aesthetics and Literature with William Desmond</em> (SUNY, 2022). He has published essays, poems, and book reviews in a number of journals. As a graduate student at the University of Virginia, he was part of the main production team for <em>Faulkner at Virginia: An Audio Archive</em>.</p>
"
"TES","Steven Knepper","Knepper, Steven","<p>Steven Knepper is an Associate Professor in the Department of English, Rhetoric, and Humanistic Studies at Virginia Military Institute. He is the associate editor of the <em>Robert Frost Review</em> and the author of <em>Wonder Strikes: Approaching Aesthetics and Literature with William Desmond</em> (SUNY, 2022). He has published essays, poems, and book reviews in a number of journals. As a graduate student at the University of Virginia, he was part of the main production team for <em>Faulkner at Virginia: An Audio Archive</em>.</p>
"
"GOD","Steven Knepper","Knepper, Steven","<p>Steven Knepper is an Associate Professor in the Department of English, Rhetoric, and Humanistic Studies at Virginia Military Institute. He is the associate editor of the <em>Robert Frost Review</em> and the author of <em>Wonder Strikes: Approaching Aesthetics and Literature with William Desmond</em> (SUNY, 2022). He has published essays, poems, and book reviews in a number of journals. As a graduate student at the University of Virginia, he was part of the main production team for <em>Faulkner at Virginia: An Audio Archive</em>.</p>
"
"SF","Taylor Hagood","Hagood, Taylor","<p>Taylor Hagood is Professor of American literature at Florida Atlantic University. His publications include <em>Faulkner's Imperialism: Space, Place, and the Materiality of Myth</em>; <em>Following Faulkner: The Critical Response to Yoknapatawpha's Architect</em>; and <em>Faulkner, Writer of Disability</em>, winner of the C. Hugh Holman Award for Best Book in Southern Studies. He has published articles on Faulkner and served as President of the William Faulkner Society (2018-2021).</p>
"
"BB","Taylor Hagood","Hagood, Taylor","<p>Taylor Hagood is Professor of American literature at Florida Atlantic University. His publications include <em>Faulkner's Imperialism: Space, Place, and the Materiality of Myth</em>; <em>Following Faulkner: The Critical Response to Yoknapatawpha's Architect</em>; and <em>Faulkner, Writer of Disability</em>, winner of the C. Hugh Holman Award for Best Book in Southern Studies. He has published articles on Faulkner and served as President of the William Faulkner Society (2018-2021).</p>
"
"W","Taylor Hagood","Hagood, Taylor","<p>Taylor Hagood is Professor of American literature at Florida Atlantic University. His publications include <em>Faulkner's Imperialism: Space, Place, and the Materiality of Myth</em>; <em>Following Faulkner: The Critical Response to Yoknapatawpha's Architect</em>; and <em>Faulkner, Writer of Disability</em>, winner of the C. Hugh Holman Award for Best Book in Southern Studies. He has published articles on Faulkner and served as President of the William Faulkner Society (2018-2021).</p>
"
"UNV","Taylor Hagood","Hagood, Taylor","<p>Taylor Hagood is Professor of American literature at Florida Atlantic University. His publications include <em>Faulkner's Imperialism: Space, Place, and the Materiality of Myth</em>; <em>Following Faulkner: The Critical Response to Yoknapatawpha's Architect</em>; and <em>Faulkner, Writer of Disability</em>, winner of the C. Hugh Holman Award for Best Book in Southern Studies. He has published articles on Faulkner and served as President of the William Faulkner Society (2018-2021).</p>
"
"VEN","Taylor Hagood","Hagood, Taylor","<p>Taylor Hagood is Professor of American literature at Florida Atlantic University. His publications include <em>Faulkner's Imperialism: Space, Place, and the Materiality of Myth</em>; <em>Following Faulkner: The Critical Response to Yoknapatawpha's Architect</em>; and <em>Faulkner, Writer of Disability</em>, winner of the C. Hugh Holman Award for Best Book in Southern Studies. He has published articles on Faulkner and served as President of the William Faulkner Society (2018-2021).</p>
"
"DS","Garrett Morrison","Morrison, Garrett","<p>Garrett Morrison is a doctoral candidate in English at Northwestern University. He specializes in the literature of community and place, and his dissertation explores the social and spatial dimensions of print culture in the nineteenth-century American West.</p>
"
"RL","Garrett Morrison","Morrison, Garrett","<p>Garrett Morrison is a doctoral candidate in English at Northwestern University. He specializes in the literature of community and place, and his dissertation explores the social and spatial dimensions of print culture in the nineteenth-century American West.</p>
"
"SF","Johannes H. Burgers","Burgers, Johannes H.","<p>Johannes Burgers is an Associate Professor of English and Digital Humanities at James Madison University in Virginia and the Co-Director of Digital Yoknapatawpha. Together with Chris Rieger, he directed Teaching and Learning Faulkner in the Digital Age, an NEH grant-funded project to add new learning modules to the site's teaching and learning section. He works on advanced data visualizations of DY's data, and has published in venues such as <em>Mississippi Quarterly</em>, <em>Cultural Analytics</em>, and <em>Digital Humanities Quarterly</em>.</p>
"
"AA","Johannes H. Burgers","Burgers, Johannes H.","<p>Johannes Burgers is an Associate Professor of English and Digital Humanities at James Madison University in Virginia and the Co-Director of Digital Yoknapatawpha. Together with Chris Rieger, he directed Teaching and Learning Faulkner in the Digital Age, an NEH grant-funded project to add new learning modules to the site's teaching and learning section. He works on advanced data visualizations of DY's data, and has published in venues such as <em>Mississippi Quarterly</em>, <em>Cultural Analytics</em>, and <em>Digital Humanities Quarterly</em>.</p>
"
"H","Johannes H. Burgers","Burgers, Johannes H.","<p>Johannes Burgers is an Associate Professor of English and Digital Humanities at James Madison University in Virginia and the Co-Director of Digital Yoknapatawpha. Together with Chris Rieger, he directed Teaching and Learning Faulkner in the Digital Age, an NEH grant-funded project to add new learning modules to the site's teaching and learning section. He works on advanced data visualizations of DY's data, and has published in venues such as <em>Mississippi Quarterly</em>, <em>Cultural Analytics</em>, and <em>Digital Humanities Quarterly</em>.</p>
"
"M","Johannes H. Burgers","Burgers, Johannes H.","<p>Johannes Burgers is an Associate Professor of English and Digital Humanities at James Madison University in Virginia and the Co-Director of Digital Yoknapatawpha. Together with Chris Rieger, he directed Teaching and Learning Faulkner in the Digital Age, an NEH grant-funded project to add new learning modules to the site's teaching and learning section. He works on advanced data visualizations of DY's data, and has published in venues such as <em>Mississippi Quarterly</em>, <em>Cultural Analytics</em>, and <em>Digital Humanities Quarterly</em>.</p>
"
"LJC","Johannes H. Burgers","Burgers, Johannes H.","<p>Johannes Burgers is an Associate Professor of English and Digital Humanities at James Madison University in Virginia and the Co-Director of Digital Yoknapatawpha. Together with Chris Rieger, he directed Teaching and Learning Faulkner in the Digital Age, an NEH grant-funded project to add new learning modules to the site's teaching and learning section. He works on advanced data visualizations of DY's data, and has published in venues such as <em>Mississippi Quarterly</em>, <em>Cultural Analytics</em>, and <em>Digital Humanities Quarterly</em>.</p>
"
"RE","Johannes H. Burgers","Burgers, Johannes H.","<p>Johannes Burgers is an Associate Professor of English and Digital Humanities at James Madison University in Virginia and the Co-Director of Digital Yoknapatawpha. Together with Chris Rieger, he directed Teaching and Learning Faulkner in the Digital Age, an NEH grant-funded project to add new learning modules to the site's teaching and learning section. He works on advanced data visualizations of DY's data, and has published in venues such as <em>Mississippi Quarterly</em>, <em>Cultural Analytics</em>, and <em>Digital Humanities Quarterly</em>.</p>
"
"RL","Johannes H. Burgers","Burgers, Johannes H.","<p>Johannes Burgers is an Associate Professor of English and Digital Humanities at James Madison University in Virginia and the Co-Director of Digital Yoknapatawpha. Together with Chris Rieger, he directed Teaching and Learning Faulkner in the Digital Age, an NEH grant-funded project to add new learning modules to the site's teaching and learning section. He works on advanced data visualizations of DY's data, and has published in venues such as <em>Mississippi Quarterly</em>, <em>Cultural Analytics</em>, and <em>Digital Humanities Quarterly</em>.</p>
"
"TH","Johannes H. Burgers","Burgers, Johannes H.","<p>Johannes Burgers is an Associate Professor of English and Digital Humanities at James Madison University in Virginia and the Co-Director of Digital Yoknapatawpha. Together with Chris Rieger, he directed Teaching and Learning Faulkner in the Digital Age, an NEH grant-funded project to add new learning modules to the site's teaching and learning section. He works on advanced data visualizations of DY's data, and has published in venues such as <em>Mississippi Quarterly</em>, <em>Cultural Analytics</em>, and <em>Digital Humanities Quarterly</em>.</p>
"
"BP","Johannes H. Burgers","Burgers, Johannes H.","<p>Johannes Burgers is an Associate Professor of English and Digital Humanities at James Madison University in Virginia and the Co-Director of Digital Yoknapatawpha. Together with Chris Rieger, he directed Teaching and Learning Faulkner in the Digital Age, an NEH grant-funded project to add new learning modules to the site's teaching and learning section. He works on advanced data visualizations of DY's data, and has published in venues such as <em>Mississippi Quarterly</em>, <em>Cultural Analytics</em>, and <em>Digital Humanities Quarterly</em>.</p>
"
"RET","Johannes H. Burgers","Burgers, Johannes H.","<p>Johannes Burgers is an Associate Professor of English and Digital Humanities at James Madison University in Virginia and the Co-Director of Digital Yoknapatawpha. Together with Chris Rieger, he directed Teaching and Learning Faulkner in the Digital Age, an NEH grant-funded project to add new learning modules to the site's teaching and learning section. He works on advanced data visualizations of DY's data, and has published in venues such as <em>Mississippi Quarterly</em>, <em>Cultural Analytics</em>, and <em>Digital Humanities Quarterly</em>.</p>
"
"LD","Dotty Dye","Dye, Dotty","<p>Dotty Dye is a doctoral candidate at Arizona State University.  Her dissertation is broadly concerned with Modernism and War, and focused more specifically on the impact that World War I and France had on the work of a number of up-and-coming writers of the time, including Faulkner. Her interest in the digital humanities stems from her years of experience developing and teaching online courses.</p>
"
"ID","Dotty Dye","Dye, Dotty","<p>Dotty Dye is a doctoral candidate at Arizona State University.  Her dissertation is broadly concerned with Modernism and War, and focused more specifically on the impact that World War I and France had on the work of a number of up-and-coming writers of the time, including Faulkner. Her interest in the digital humanities stems from her years of experience developing and teaching online courses.</p>
"
"SH","Dotty Dye","Dye, Dotty","<p>Dotty Dye is a doctoral candidate at Arizona State University.  Her dissertation is broadly concerned with Modernism and War, and focused more specifically on the impact that World War I and France had on the work of a number of up-and-coming writers of the time, including Faulkner. Her interest in the digital humanities stems from her years of experience developing and teaching online courses.</p>
"
"PAN","Dotty Dye","Dye, Dotty","<p>Dotty Dye is a doctoral candidate at Arizona State University.  Her dissertation is broadly concerned with Modernism and War, and focused more specifically on the impact that World War I and France had on the work of a number of up-and-coming writers of the time, including Faulkner. Her interest in the digital humanities stems from her years of experience developing and teaching online courses.</p>
"
"FD","John Padgett","Padgett, John","<p>John B. Padgett is Associate Professor of English at Brevard College, where he teaches literature, film, and journalism courses and serves as the faculty adviser for the student newspaper. While earning his Ph.D. at the University of Mississippi, he created <em>William Faulkner on the Web</em>, the first extensive web resource on Faulkner. He has published articles on Faulkner in <em>The William Faulkner Encyclopedia</em>, <em>Faulkner and Hurston</em>, and <em>Critical Insights: The Sound and the Fury.</em></p>
"
"LA","John Padgett","Padgett, John","<p>John B. Padgett is Associate Professor of English at Brevard College, where he teaches literature, film, and journalism courses and serves as the faculty adviser for the student newspaper. While earning his Ph.D. at the University of Mississippi, he created <em>William Faulkner on the Web</em>, the first extensive web resource on Faulkner. He has published articles on Faulkner in <em>The William Faulkner Encyclopedia</em>, <em>Faulkner and Hurston</em>, and <em>Critical Insights: The Sound and the Fury.</em></p>
"
"UV","John Padgett","Padgett, John","<p>John B. Padgett is Associate Professor of English at Brevard College, where he teaches literature, film, and journalism courses and serves as the faculty adviser for the student newspaper. While earning his Ph.D. at the University of Mississippi, he created <em>William Faulkner on the Web</em>, the first extensive web resource on Faulkner. He has published articles on Faulkner in <em>The William Faulkner Encyclopedia</em>, <em>Faulkner and Hurston</em>, and <em>Critical Insights: The Sound and the Fury.</em></p>
"
"AMB","John Padgett","Padgett, John","<p>John B. Padgett is Associate Professor of English at Brevard College, where he teaches literature, film, and journalism courses and serves as the faculty adviser for the student newspaper. While earning his Ph.D. at the University of Mississippi, he created <em>William Faulkner on the Web</em>, the first extensive web resource on Faulkner. He has published articles on Faulkner in <em>The William Faulkner Encyclopedia</em>, <em>Faulkner and Hurston</em>, and <em>Critical Insights: The Sound and the Fury.</em></p>
"
"MZG","John Padgett","Padgett, John","<p>John B. Padgett is Associate Professor of English at Brevard College, where he teaches literature, film, and journalism courses and serves as the faculty adviser for the student newspaper. While earning his Ph.D. at the University of Mississippi, he created <em>William Faulkner on the Web</em>, the first extensive web resource on Faulkner. He has published articles on Faulkner in <em>The William Faulkner Encyclopedia</em>, <em>Faulkner and Hurston</em>, and <em>Critical Insights: The Sound and the Fury.</em></p>
"
"ABH","John Padgett","Padgett, John","<p>John B. Padgett is Associate Professor of English at Brevard College, where he teaches literature, film, and journalism courses and serves as the faculty adviser for the student newspaper. While earning his Ph.D. at the University of Mississippi, he created <em>William Faulkner on the Web</em>, the first extensive web resource on Faulkner. He has published articles on Faulkner in <em>The William Faulkner Encyclopedia</em>, <em>Faulkner and Hurston</em>, and <em>Critical Insights: The Sound and the Fury.</em></p>
"
"BAR","John Padgett","Padgett, John","<p>John B. Padgett is Associate Professor of English at Brevard College, where he teaches literature, film, and journalism courses and serves as the faculty adviser for the student newspaper. While earning his Ph.D. at the University of Mississippi, he created <em>William Faulkner on the Web</em>, the first extensive web resource on Faulkner. He has published articles on Faulkner in <em>The William Faulkner Encyclopedia</em>, <em>Faulkner and Hurston</em>, and <em>Critical Insights: The Sound and the Fury.</em></p>
"
